document_id,clean_text,sentiment
1,nisei femal born may selleck washington spent much childhood beaverton oregon father own farm influenc earli age parent convers christian world war ii remov portland assembl center oregon minidoka concentr camp idaho war work establish success volunt program feed homeless seattl washington,Positive
2,nisei male born june seattl washington grew area seattl japanes american attend univers washington japan bomb pearl harbor remov puyallup assembl center washington minidoka concentr camp idaho left minidoka sever time temporari work leav work farm area suffer tragic loss camp father got lost outsid collect wood perish element volunt armi serv signal corp eventu work civil aeronaut administr boe also one earli member seattl nisei veteran committe,Negative
3,nisei femal born octob seattl washington famili own oper success groceri store prior world war ii bomb pearl harbor remov puyallup assembl center washington minidoka concentr camp idaho left camp attend st mari school nurs rochest minnesota work medic field minnesota seattl eventu pursu career educ,Positive
4,nisei femal born juli boyl height california earli age went live famili friend father pas away mother contract tuburculosi world war ii remov santa anita assembl center california granada amach concentr camp colorado camp mother relaps toshiko went live famili friend war return california,Negative
5,sansei male born march torranc california grew lo angel area father sold insur activ lo angel koyasan buddhist templ boy scout troop perform drum bugl corp attend ucla join staff gidra asian american monthli newspap magazin start group student eventu took father insur busi,Positive
6,nisei femal born august tacoma washington rais seattl washington famili oper groceri store attend washington grammar school garfield high school seattl follow bomb pearl harbor father arrest fbi sent missoula intern camp montana famili remov puyallup assembl center washington minidoka concentr camp idaho father decid repatri japan famili transport elli island detent station reunit father board repatri ship s gripsholm transfer crystal citi intern camp texa deni entri s gripsholm remain crystal citi durat war resettl boyl height neighborhood lo angel,Negative
7,session elain kim led panel elain reiko akagi friend ann fujii lindwal arlen oki karen yoshitomi bill tashima remembr convers akagi elain reiko akagi devot life jacl teach child special educ need love anim activ detroit jr jacl earli led detroit chapter action vincent chin murder detroit move seattl akagi becam chapter presid akagi one chapter leader initi teacher workshop instruct teacher method teach lesson ja wwii classroom instil critic think student appli lesson current day issu akagi endow chapter scholarship primari purpos encourag student color go field special educ akagi firm believ child educ enhanc teacher look like,Positive
8,nisei male born juli lindsay california follow bomb pearl harbor move famili idaho voluntari evacu work harvest sugar beet u sugar compani volunt armi world war ii serv nd field artilleri battalion present liber one dachau concentr camp sub camp war settl salt lake citi utah,Positive
9,nisei male born june merc california grew mount eden california remov tanforan assembl center california bomb pearl harbor incarcer topaz concentr camp utah move tule lake concentr camp famili volunt move japan tule lake join pro japan organ creat father sokoku kenkyu seinen dan young men associ studi motherland renounc u citizenship expatri japan parent sibl live work japan return unit state author betray trust stori deport issei american born famili wwii publish,Negative
10,nisei male born may eastport idaho spent childhood spokan washington travel japan famili father becam ill die attend school japan three year return spokan work farm follow bomb pearl harbor volunt militari servic fail medic examin war took brief trip manzanar concentr camp california camp arkansa minidoka concentr camp idaho war work painter larg sign spokan,Neutral
11,nisei male born april oak grove oregon grew hood river oregon area parent ran farm world war ii remov pinedal assembl center california tule lake concentr camp california minidoka concentr camp idaho volunt serv u armi war militari servic return hood river area,Positive
12,nisei femal born januari bellevu washington grew bellevu remov pinedal assembl center tule lake concentr camp california world war ii leav camp return bellevu,Neutral
13,nisei male born may world war ii serv interpret militari intellig servic,Positive
14,nisei male born juli world war ii serv militari intellig servic,Positive
15,nisei male born septemb seattl washington spent prewar childhood seattl nihonmachi incarcer puyallup assembl center washington minidoka concentr camp idaho refus particip draft imprison mcneil island penitentiari washington draft resist resettl seattl,Negative
16,nisei male born januari seattl washington incarcer puyallup assembl center washington minidoka concentr camp idaho resist draft rational u govern classifi c enemi alien therefor oblig serv imprison mcneil island penitentiari washington vocal critic japanes american citizen leagu resettl seattl washington thought model main charact john okada boy,Negative
17,femal suquamish filipino descent born januari grew squamish reserv near vancouv british columbia canada move bainbridg island work strawberri farm marri rais famili,Positive
18,nisei femal born januari portland oregon grew portland parent ran hotel world war ii remov portland assembl center oregon minidoka concentr camp idaho leav camp return portland,Neutral
19,white male born novemb seattl washington son reverend emeri andrew japanes baptist church minist seattl mani year japanes american seattl remov minidoka concentr camp idaho emeri brook move famili twin fall idaho minist nikkei camp visit japanes american friend minidoka throughout war year world war ii return seattl attend bailey gatzert elementari school recent year return former site minidoka concentr camp,Neutral
20,white femal born june seattl washington grew central district seattl mother ran board hous discus reaction japanes american peer leav seattl world war ii,Neutral
21,nisei male born januari kealakekua hawai father congreg preacher world war ii serv th battalion europ activ hawai democrat parti campaign statehood,Positive
22,sansei femal born octob san francisco california world war ii remov granada amach concentr camp colorado famili briefli left camp utah voluntarili enter topaz concentr camp utah mother pregnant leav camp return san francisco resum elementari school,Neutral
23,nisei male born juli saratoga california grew saratoga father work garden larg estat bomb pearl harbor father move famili inland reedley attempt avoid mass remov eventu remov poston concentr camp arizona leav camp return california graduat stanford univers master mechan engin went establish prestig career aerospac industri becom presid lockhe martin missil space,Positive
24,nisei femal born decemb lo angel california grew gardena parent ran chicken farm bomb pearl harbor move temporarili live famili reedley california remov poston concentr camp arizona visit differ camp sakay met futur husband georg aratani marri minneapoli minnesota georg serv militari intellig servic leav camp sakay georg return lo angel rais famili sakay found member montebello japanes woman club also one first woman serv board sumitomo bank california,Positive
25,nisei male world war ii serv compani part nd regiment combat team japanes american fight unit one highli decor militari unit u histori interview discus experi train camp shelbi mississippi fight europ battl battl lost battalion,Positive
26,sansei male born seabrook new jersey parent live work follow incarcer experi world war ii grew seabrook particip japanes american commun activ enrol west point militari academi spent militari career armor corp becam deputi program execut armi civilian remain new jersey rais famili becam activ seabrook chapter japanes american citizen leagu,Positive
27,japanes femal born novemb shizuoka japan attend school world war ii war enter nurs profess becam involv number social polit caus marri kibei nisei move unit state,Positive
28,nisei femal born march boyl height neighborhood lo angel california world war ii remov santa anita assembl center california rohwer concentr camp arkansa leav camp move famili new orlean louisiana remain new orlean thirteen year finish school establish career microbiologist eventu return lo angel,Positive
29,nisei male born june portland oregon grew portland parent ran hotel groceri busi draft armi prior bomb pearl harbor transfer armi reserv world war ii remov portland assembl center oregon minidoka concentr camp idaho war return portland establish success travel agenc,Positive
30,nisei femal born march vashon island washington rais vashon island de moin washington remov two child pinedal assembl center california later transfer tule lake concentr camp california minidoka idaho resettl chicago illinoi live work chicago eventu return seattl washington,Neutral
31,brent seto bill tashima interview sarah e baker baker four time chapter presid two time nation jacl vice presid local activist commun organ actor dancer director balanc task work full time full time undergradu graduat student baker organ two commun wide gather support api lgbtq youth famili galvan seattl jacl oppos muslim travel ban plan pnwdc nation youth student council activ much,Positive
32,male japanes french irish descent born octob lo angel california child resid child home societi orphanag lo angel world war ii transfer manzanar concentr camp child villag orphan adopt camp famili bishop california eventu becam teacher,Positive
33,elain kim bill tashima interview kathryn bannai kathryn bannai lead counsel gordon hirabayashi coram nobi case februari among critic work success defeat govern effort dismiss hirabayashi case led overturn hirabayashi convict resist curfew exclus order promulg e bannai seattl jacl presid pivot period chapter period chapter expand work toward wwii japanes american redress age health issu issei nisei youth program bannai also forg partnership japanes canadian share wwii experi injustic bannai third woman chapter presid one earliest sansei chapter presid bannai board first seattl jacl board major sansei also major femal membership,Positive
34,sansei femal born lo angel california grew gardena california surround larg japanes american commun influenc father role commun polit mother emphasi educ attend univers california santa barbara becam increasingli awar japanes american histori issu ethnic ident racial inequ attend univers san francisco school law hone commit polit social activ year law school join team lawyer work reopen suprem court decis korematsu v unit state convict violat exclus order world war ii mr korematsu case went way suprem court exclus incarcer japanes american upheld constitut base govern argument militari necess petit writ error coram nobi establish case premis error fact withheld judg defens prosecut legal team reopen case provid evid factual underpin exclus order fraudul success korematsu convict vacat well hand similar convict interview m bannai discus coram nobi legal team support effort among japanes american commun person lesson gain part effort,Positive
35,nisei male born juli delta colorado grew small mine farm town colorado utah arizona famili move boyl height lo angel california area graduat high school test discrimin employ practic eventu succeed obtain job bank world war ii famili held manzanar concentr camp california mr bannai join nd regiment combat team later transfer u militari intellig servic serv new guinea elsewher oversea interpret alli translat interpret servic ati interpret surrend japanes forc ceremoni indonesia marri eventu resettl gardena california work floral industri found bannai realti insur compani extrem activ commun civic volunt mr bannai join elk club well mani veteran organ elect gardena citi council elect california state legislatur mr bannai becam execut director commiss wartim reloc intern civilian cwric appoint chief director memori affair depart veteran administr presid ronald reagan,Positive
36,nisei femal born juli bedderavia california given adopt parent coupl could child grew famili farm one oldest nisei santa barbara area california incarcer puyallup assembl center washington minidoka concentr camp idaho widow clarenc arai lawyer key figur found japanes american citizen leagu interview discus childhood memori marri clarenc turbul war year war support famili care ail clarenc death remarri georg bartholomew,Neutral
37,sansei male famili own linc tackl longtim japanes american busi seattl washington prior world war ii father becam owner togo tackl shop war remov puyallup assembl center washington minidoka concentr camp idaho famili camp prewar insur agent paid premium could retain insur polici return seattl gerald father abl use fund polici establish linc,Positive
38,nisei femal born octob lo angel california grew lo angel involv earli age tradit japanes danc stage perform world war ii remov famili santa anita assembl center california rohwer concentr camp arkansa leav camp famili resettl denver colorado ten year return california war pursu career model actor time got involv numer japanes american commun group,Positive
39,nisei femal born juli walnut grove california grew walnut grove bomb pearl harbor remov famili merc assembl center california granada amach concentr camp colorado left camp attend board school new york eventu return walnut grove marion pas away decemb,Neutral
40,femal filipino american descent born seattl washington grew bainbridg island washington granddaught felix nart one well known filipino men bainbridg island work japanes american strawberri farmer,Neutral
41,white male grew pasadena california parent flower grow busi provid flower santa anita racetrack fifti year world war ii visit japanes american friend santa anita assembl center california gila river concentr camp arizona,Neutral
42,white male born may albani new york founder execut director american civil liberti union northern california fought civil right throughout career involv gener strike san francisco mccarthi era free speech civil right anti war movement repres fred korematsu case unit state govern,Positive
43,elain kim joy misako st germain interview theo bickel theo introduct jacl intern nation jacl jacl nation convent la vega bill tashima invit theo work collabor seattl jacl chapter theo focu strengthen commun among jacl member execut jacl leadership encourag commun engag work civil right social justic theo reflect one meaning event help coordin alongsid puyallup valley jacl chapter th anniversari puyallup assembl center camp harmoni event reconnect differ gener japanes american site camp harmoni mani individu share stori help heal trauma incarcer creat within fairground wwii theo share thought import jacl activ fight justic erad hate creat prejudic seattl jacl chapter serv strong platform make genuin connect authent individu commit enact social chang japanes american bipoc immigr commun mani dear jacl friend colleagu pas theo express confid futur chapter transform way cannot compar past,Positive
44,nisei femal born june seattl washington rais south park washington famili oper small produc farm attend cleveland high school univers washington senior year colleg decemb father pick fbi follow bomb pearl harbor sent missoula intern camp montana famili remov pinedal assembl center tule lake concentr camp california work lab technician tule lake hospit left camp attend woman medic colleg philadelphia pennsylvania resid tuberculosi hospit detroit michigan special radiolog practic michigan tennesse washington california retir,Positive
45,nisei femal born august portland oregon lost father earli age mother sibl set famili farm greenhous busi world war ii remov portland assembl center oregon minidoka concentr camp idaho leav camp return oregon,Positive
46,white male born februari seattl washington grew seattl father gene boyd work seattl park depart gene boyd athlet director collin field hous close relationship member japanes american commun seattl notabl world war ii gene boyd donat athlet equip japanes american youth held puyallup assembl center washington,Neutral
47,born bethesda maryland redress movement work depart justic offic redress administr os establish identifi administ repar payment elig individu administr offic redress administr well execut offic civil right crimin divis retir depart justic work privat sector saic unisi dla piper llp,Positive
48,male spanish irish descent born march santa monica california move salina california teenag enlist militari station philippin japanes bomb pearl harbor captur japanes militari forc infam bataan death march held prison war releas return unit state,Negative
49,nisei femal born februari grew california world war ii remov poston colorado river concentr camp arizona leav camp work war reloc author offic san francisco,Positive
50,white male born grew bainbridg island washington join navi world war ii eventu return bainbridg,Positive
51,white femal born denver colorado father work bureau reclam time wwii broke famili live minidoka concentr camp idaho mr chandler child time attend elementari school minidoka move twin fall junior high high school year attend univers washington live lopez island washington spend part year small commun hondura,Neutral
52,born washington c redress movement work depart justic offic redress administr os establish identifi administ repar payment elig individu work os deputi director verif unit leav os went work deputi execut offic depart justic civil right divis deputi director manag depart health human servic offic civil right act inspector gener offic inspector gener chief administr offic dla piper llp,Positive
53,nisei femal born januari lo angel california grew lo angel father ran success produc busi world war ii remov santa anita assembl center california rohwer concentr camp arkansa leav camp return lo angel attend colleg eventu earn master degre social work practic social work lo angel eventu chicago illinoi,Positive
54,nisei male born septemb colusa california child famili move stockton california parent own hotel attend univers california berkeley japan bomb pearl harbor famili sent rohwer concentr camp arkansa left camp live chicago illinoi becam optometrist,Positive
55,camila nakashima bill tashima interview ryan chin ryan chin seattl jacl chapter presid also three time nation jacl vice presid chin becam activ seattl jacl student uw organ success event presid chin transform bring chapter age technolog work tirelessli improv chapter infrastructur area board respons fiscal oversight,Positive
56,sansei femal born august berkeley california remov tanforan assembl center california topaz concentr camp utah famili resettl north platt nebraska father oper flower shop receiv undergradu degre educ sociolog hast colleg nebraska attend mccormick seminari illinoi marri husband frank christ work teacher school desegreg effort,Positive
57,nisei femal born may minidoka concentr camp idaho prior world war ii parent live hood river oregon bomb pearl harbor remov pinedal assembl center california tule lake concentr camp california transfer minidoka leav camp famili resettl chicago parent took job factori vietnam war move canada husband civil right movement activist act resist award win author book sideway memoir misfit,Positive
58,white male born may visalia california attend school sacramento california enrol univers southern california involv develop new progress educ theori stanford univers teach high school sacramento california pearl harbor bomb work teacher minidoka concentr camp idaho,Positive
59,sansei femal grew know littl parent world war ii incarcer experi,Neutral
60,born atlanta georgia redress movement work depart justic offic redress administr os establish identifi administ repar payment elig individu legal counsel os leav os chief deputi chief freedom inform act privaci act branch civil right divis u depart justic,Positive
61,kibei male born decemb sacramento california grew sacramento parent ran hotel travel japan father japan could return unit state impend war live hiroshima unit state drop atom bomb return unit state world war ii continu talk wartim experi,Neutral
62,nisei femal born septemb san francisco california grew japantown area san francisco world war ii remov tanforan assembl center california topaz concentr camp utah leav camp famili live time weiser idaho run farm eventu return california,Positive
63,white male born decemb new york citi new york charl phelp taft professor emeritu histori univers cincinnati serv consult commiss wartim reloc intern civilian research written numer book japanes american experi includ prison without trial japanes american world war ii american concentr camp documentari histori reloc incarcer japanes american,Positive
64,white femal born novemb seattl washington parent chiropractor support japanes american around time world war ii attend univers washington becam friend gordon hirabayashi,Positive
65,alison fujimoto joy st germain interview chapter presid janic deguchi tenur third gener sansei deguchi one youngest chapter presid deguchi help lead chapter form coalit poc group fight initi would bar affirm action program washington state although unsuccess deguchi jacler use momentum keep coalit togeth revis apac asian pacif american coalit equal organ deguchi along jill beppu oversaw three year project instal art mural pike place market commemor ja farmer market prior wwii made stall never return war,Positive
66,white male born juli san francisco california grew san francisco induct militari follow bomb pearl harbor assign servic militari policeman manzanar concentr camp california serv oversea europ militari servic return san francisco,Positive
67,born newport news virginia redress movement work depart justic offic redress administr os establish identifi administ repar payment elig individu work document technician os os sunset continu work depart justic civil right divis field,Positive
68,nisei femal born octob lo angel california grew sever citi california father minist live riversid california world war ii broke war remov poston concentr camp arizona left camp finish high school ohio attend uc berkeley ucla war work attorney wayn collin fought behalf japanes american renounc u citizenship camp,Positive
69,sansei male born san jose california rais san jose parent grandpar own store japantown remov santa anita assembl center california heart mountain concentr camp wyom return san jose war famili reestablish busi dobashi market mr dobashi eventu took busi,Positive
70,nisei femal born lo angel california world war ii remov pomona assembl center california heart mountain concentr camp wyom,Neutral
71,yonsei femal born august chicago illinoi grew chicago parent famili resettl world war ii involv variou chicago commun group includ particip kansha project jacl program young japanes american chicago learn wartim incarcer,Positive
72,nisei male born march sacramento california grew sacramento father migrant farm labor world war ii remov marysvil assembl center california tule lake concentr camp california transfer famili heart mountain concentr camp wyom return california war,Neutral
73,nisei sansei femal born decemb lo angel california world war ii sent famili santa anita assembl center california rohwer concentr camp arkansa leav camp live quaker run hostel cincinnati ohio eventu move chicago illinoi parent ran cleaner busi,Positive
74,nisei femal born februari portland oregon grew portland sent educ japan age sixteen marri child japan work militari govern world war ii return portland famili,Neutral
75,white male born spokan washington serv pastor first methodist church portland oregon mainli japanes american congreg thirteen year,Positive
76,nisei male born januari clovi new mexico father work santa fe railroad januari offici round japanes american clovi remov town without warn middl night respons angri mob townspeopl threaten japanes american taken unus former ccc camp old raton ranch held guard end mr ebihara famili transfer topaz concentr camp utah resettl cleveland ohio remain ohio establish success optometri practic,Positive
77,nisei femal born juli seattl washington spent childhood seattl nihonmachi japantown parent ran u hotel attend bailey gatzert grade school washington junior high school move north seattl older sibl oper produc stand graduat roosevelt high school work waitress tokyo cafe move spokan washington part voluntari evacu period march marri husband ed edamatsu work domest retir,Neutral
78,nisei femal born juli grew bainbridg island washington parent ran farm world war ii remov manzanar concentr camp california transfer minidoka concentr camp idaho leav camp return bainbridg island,Neutral
79,nisei femal born januari lo angel california world war ii incarcer manzanar concentr camp california wrote manzanar free press incarcer resettl world war ii madison wisconsin chicago illinoi return lo angel california found member nisei progress manzanar committe,Positive
80,nisei male born januari brother frank emi leader heart mountain fair play committe fpc incarcer help fpc organ,Positive
81,nisei male born septemb lo angel california attend lo angel citi colleg one year leav run famili produc busi marri daughter remov pomona assembl center california heart mountain concentr camp wyom leader heart mountain fair play committe convict resist draft imprison eighteen month leavenworth kansa leav prison work u post offic california state unemploy offic mr emi practic judo young person war postwar taught hollywood judo dojo,Positive
82,nisei male born septemb milwauki oregon world war ii remov portland assembl center oregon minidoka concentr camp idaho leav camp return oregon,Neutral
83,nisei male born februari san francisco california grew san francisco attend univers california berkeley bomb pearl harbor remov tanforan assembl center california topaz concentr camp utah serv militari intellig servic war resettl new york,Positive
84,white femal born juli fullerton california grew bishop california rememb vise manzanar concentr camp california world war ii,Neutral
85,nisei femal born novemb harwick california world war ii age nine remov famili fresno assembl center california jerom rohwer concentr camp arkansa leav camp resettl chicago time move florida attend colleg appear stage product world suzi wong new york went establish act career film stage,Positive
86,white male born brooklyn new york grew new york father mechan world war ii enlist air forc sent serv japan met futur wife got marri return u establish success career feder aviat administr,Positive
87,shin issei femal born march kasuga fukuoka japan grew kasuga parent ran farm graduat girl high school u occup japan met futur husband u serviceman immigr unit state war bride,Positive
88,male italian irish descent born baltimor maryland grew countrysid outsid baltimor parent younger sister matern grandmoth rais cathol attend public school graduat age seventeen began work baltimor news post draft call serv one year u arm forc join armi age twenti one well awar hitler aggress europ fairli certain u would join war effort stop went basic train month away discharg time bomb pearl harbor mr frisino share memori day pearl harbor bomb person reaction bomb went train radio oper met marri wife harriett went rigor offic candid school ship oversea fight year jungl burma commun suppli offic return home wife seattl washington began career seattl post intelligenc work year interview mr frisino share memori life well perspect issu race ethnic,Positive
89,nisei male born may marysvil california famili oper farm prior world war ii follow bomb pearl harbor remov merc assembl center california granada amach concentr camp colorado remain colorado war,Neutral
90,kibei male born august portland oregon sent sibl educ japan ten year old return unit state world war ii incarcer portland assembl center oregon minidoka concentr camp idaho activ seattl postwar japanes american commun member past presid first hill lion club past presid atlant street center past presid franklin high school band pta past zone chairman japanes american citizen leagu jacl past jacl district governor area b interview discus childhood memori japan japanes attitud valu,Positive
91,nisei femal born march nyssa oregon parent ran farm world war ii remov portland assembl center oregon instead go concentr camp move famili nearbi farm labor camp war eventu return oregon,Neutral
92,nisei male born gresham oregon grew gresham troutdal area parent ran farm world war ii remov portland assembl center oregon minidoka concentr camp idaho leav camp attend colleg briefli utah return home gresham,Neutral
93,nisei male born januari seattl washington grew jackson street neighborhood seattl washington incarcer puyallup assembl center washington tule lake concentr camp california resettl seattl former teacher varsiti basketbal coach seattl franklin high school administr seattl central commun colleg,Positive
94,nisei femal born march brook oregon grew brook parent ran farm world war ii remov tule lake concentr camp california transfer minidoka concentr camp idaho war return oregon remain portland,Neutral
95,nisei femal born berkeley california world war ii remov tanforan assembl center california topaz concentr camp utah war return berkeley,Neutral
96,nisei femal born januari one four sister grew near lo angel california parent ran nurseri busi follow bomb pearl harbor remov manzanar concentr camp california follow war return lo angel,Neutral
97,nisei male born januari colusa california rais ault colorado famili oper produc sugar beet farm assum respons farm age father suffer debilit accid draft armi basic train camp robinson arkansa transfer fort riley kansa attend second basic train camp shelbi mississippi presid roosevelt activ nd regiment combat team sever injur guard german pow alabama war move south texa oper sever farm open bowl alley,Positive
98,nisei male born lo angel california grew lo angel parent ran farm father becam garden world war ii remov manzanar concentr camp california left camp finish high school chicago illinoi attend colleg minneapoli minnesota draft militari eventu return lo angel establish career industri design,Positive
99,nisei male born januari seattl washington spent prewar year seattl nihonmachi yesler terrac area incarcer puyallup assembl center washington minidoka concentr camp idaho draft militari intellig servic mi postwar command nisei veteran committe nvc,Positive
100,kibei male born august child sent live japan father pas attend school japan draft japanes militari u occup reunit brother serv militari intellig servic,Positive
101,nisei male born april lo angel california grew california prior world war ii remov manzanar concentr camp california war left manzanar live variou locat eventu settl new york california mr fukuhara promin artist,Positive
102,yonsei male born februari lo angel california grew lo angel graduat colleg took famili prestigi mortuari busi activ sever commun organ lo angel littl tokyo includ nisei week japanes american nation museum,Positive
103,nisei femal born septemb seattl washington younger sister three younger brother father riichiro fukano employ orient trade compani bookkeep seattl oper dri clean busi mother kiyono miyama fukano seamstress learn dressmak mother help shop famili live upstair shop neighborhood japanes american famili patern grandfath grandmoth join household live eleven year return japan father serv mani year secretari japanes chamber commerc mother serv presid buddhist woman associ graduat lincoln high school attend univers washington one year attend school japan one year live fukuoka ken serv interpret charl lindbergh yasha heifetz notabl visitor marri william owari fukui issei husband also dri clean busi son born move back parent hous along husband son order togeth mother brother incarcer puyallup assembl center may father pick earlier fbi decemb detain intern separ incarcer minidoka concentr camp son attend nurseri school minidoka husband work releas indefinit leav husband son reloc detroit mi car vandal burglar minidoka camp drive back seattl protest lack assist minidoka concentr camp staff husband start anoth dri clean busi seattl overcom discrimin financ retir dri clean busi volunt work child hospit seattl year provid home care two half year husband suffer sever stroke death provid volunt servic seattl keiro six half year,Positive
104,nisei femal born march montebello california live sever place southern california father flower grower world war ii remov manzanar concentr camp california marri child camp left manzanar chicago illinoi,Neutral
105,nisei male born februari lo angel california grew lo angel father custodi work world war ii remov manzanar concentr camp california finish high school manzanar left camp attend drake colleg de moin iowa draft militari serv medic nd regiment combat team europ,Positive
106,yuriko furubayashi born januari waimea hawai one ten child famili father come hawai hiroshima mid contract worker pineappl plantat grew veget kept chicken around hous help feed famili mother cook japanes food part meat hard come mani co worker plantat japanes yuriko use go school school hongan ji co worker child peer public school includ filipino chine polynesian portugues haol ten year old uncl aunt lo angel success owner olymp hotel took japan childless plan make yuriko famili heir yuriko quickli adjust life japan graduat high school work airplan factori bomb drop hiroshima although injur irradi walk citi day look aunt uncl entir citi still fire saw mani corp peopl sever nuclear burn lost one uncl bomb also visit friend work orphanag struck mani child lost parent bomb went hawai see parent thank arrang made brother come japan part u occup forc decid want go back hiroshima memori destruct depress studi regain english work sister bakeri near kahoku marri baker becam success owner anoth bakeri name oldest son yuriko somewhat worri radiat effect pregnant first child gain hibakusha techo certif survivorhood issu japanes govern also regularli attend biannual health checkup conduct japanes physician american survivor,Positive
107,sansei femal born decemb topaz concentr camp utah prior world war ii parent live work alameda california world war ii famili sent tanforan assembl center california topaz concentr camp utah war famili return alameda judi grew live work san francisco time eventu return alameda famili long involv japanes american commun,Positive
108,nisei femal born march san jose california prior world war ii sent father live japan rel remain japan war attend school work airplan part factori support japanes war effort eventu return unit state san jose,Neutral
109,nisei male grew hilo hawaii veterinari student kansa state univers japan bomb pearl harbor volunt militari intellig servic serv burma merril maraud,Positive
110,sansei male born novemb lo angel california world war ii father tuberculosi sanitarium taken tule lake concentr camp california mother sent santa anita assembl center california jerom concentr camp arkansa parent met chicago illinoi leav camp jeff grew lo angel area eventu attend ucla becam involv variou polit civil right caus join staff gidra becam programm rais famili eventu move hawaii work hawaii medic servic associ,Positive
111,ana tanaka dr kyle kinoshita interview gabriel kazuko nomura gainor gainor mix race gosei fifth gener japanes american repres next gener mix race nikkei activist artist use skill platform rais voic bring issu bipoc legaci social justic tabl seattl jacl board member staff worker seattl opera accomplish dancer journalist commun activist gainor coordin workshop exhibit perform onlin discus seri activ,Positive
112,born wilmington delawar redress movement work depart justic offic redress administr os establish identifi administ repar payment elig individu work program manag analyst special verif unit os leav os follow brief stint higher educ return depart justic civil right divis part os litig support servic group addit serv justic manag divis budget staff part inaugur leadership excel achiev program leap cohort current deputi director administr offic administr offic justic program ojp ojp provid innov leadership feder state local tribal justic system dissemin state art knowledg practic across america provid grant implement crime fight strategi also serv director busi resourc divis brd,Positive
113,nisei femal born may milwauki oregon marri bomb pearl harbor two child world war ii remov portland assembl center oregon minidoka concentr camp idaho leav camp return milwauki husband start laundri busi,Positive
114,nisei femal born june alameda california age three japan bomb pearl harbor decemb remov famili tanforan assembl center california topaz concentr camp utah camp father volunt nd regiment combat team mother answer ad camp newspap move jean ranch own duvenick famili known social justic activ eventu return oakland california area,Positive
115,sansei femal born octob compton california infant taken famili manzanar concentr camp california govern issu call loyalti questionnair famili transfer tule lake concentr camp california leav camp live ten year farm labor camp island outsid stockton eventu end live san fernando valley becam activ japanes american citizen leagu,Positive
116,kibei nisei coupl kikuno born unit state move japan famili father pas away lead world war ii uncl sent kikuno brother back unit state rais foster care northern california world war ii kikuno sent missionari minidoka concentr camp idaho mitsuo born unit state sent live uncl japan return u world war ii sent amach concentr camp colorado coupl met chicago war,Neutral
117,kibei nisei coupl kikuno born unit state move japan famili father pas away lead world war ii uncl sent kikuno brother back unit state rais foster care northern california world war ii kikuno sent missionari minidoka concentr camp idaho mitsuo born unit state sent live uncl japan return u world war ii sent amach concentr camp colorado coupl met chicago war,Neutral
118,nisei femal born may sacramento california world war ii sent famili sacramento assembl center california tule lake concentr camp california due father refus answer call loyalti question famili remain tule lake turn segreg center subject violent attack harass kazi famili abl leav camp philadelphia,Negative
119,kibei male grew kona hawaii bomb pearl harbor volunt militari intellig instructor languag school camp savag head oral languag divis,Positive
120,nisei femal born septemb seattl washington parent oper store sanitari market known pike place market father activ kenjinkai prefectur organ activ world war ii spent prewar childhood among seattl japanes american commun incarcer puyallup assembl center washington minidoka concentr camp idaho one first japanes american famili return seattl war,Positive
121,white femal born juli seattl washington grew seattl father gene boyd work seattl park depart gene boyd athlet director collin field hous close relationship member japanes american commun seattl notabl world war ii gene boyd donat athlet equip japanes american youth held puyallup assembl center washington,Positive
122,nisei male born june grew portland oregon japan bomb pearl harbor receiv permit remain portland mass remov translat father hospit rejoin famili went minidoka concentr camp idaho leav camp return portland,Neutral
123,nisei femal born juli portland oregon grew portland father own cloth store world war ii remov portland assembl center oregon minidoka concentr camp idaho leav camp live time ame iowa detroit michigan return oregon rais famili,Positive
124,nisei femal born march hilo hawaii grew hilo father work japanes languag newspap follow bomb pearl harbor father arrest detain kilauea militari camp sand island intern camp war attend univers hawaii return hilo,Neutral
125,nisei male born may san gabriel california grew covina area california parent ran farm world war ii remov pomona assembl center heart mountain concentr camp wyom leav camp return california,Neutral
126,nisei femal born juli san gabriel california spent childhood lo angel father oper shoe repair busi groceri store famili remov santa anita assembl center california amach concentr camp colorado resettl denver war work sever busi japantown marri open greenhous flower shop husband,Positive
127,nisei male born octob japan parent visit famili came u three month old grew termin island california bomb pearl harbor pick along issei father taken fort lincoln bismarck north dakota transfer fort lincoln santa anita assembl center california rohwer concentr camp arkansa leav camp work variou place around countri join militari intellig servic eventu return california,Positive
128,nisei male born march penryn california spent childhood san jose california remov santa anita assembl center california heart mountain concentr camp wyom serv militari end world war ii return california open own busi georg servic center san jose japantown follow world war ii,Positive
129,geri handa born san jose california studi earli school social welfar univers california lo angel focu commun organ social servic senior join asian commun action san jose work keiro nurs home lo angel still attend school earli handa becam involv friend hibakusha group creat support u survivor atom bomb sinc one activ member organ sansei handa work sansei lawyer attorney took interest u hibakusha civil right viewpoint includ donald k tamaki whose oral histori part collect work repres asian law allianc asian law caucu japanes american citizen leagu order secur u govern recognit u survivor although effort ultim fail handa say remark u survivor gain recognit support treat radiat ill japanes govern key organ medic checkup conduct japanes physician san francisco everi year sinc throughout interview handa emphas import commun engag multicultur last connect made work u hibakusha,Positive
130,white male born octob hoboken new jersey educ histori ba ph univers california santa barbara work histori professor histori asian american studi california state univers fullerton present visit professor california polytechn state univers san lui obispo editor oral histori review presid southwest oral histori associ presid oral histori associ senior historian japanes american nation museum public coeditor reflect shatter window promis prospect asian american studi pullman wa washington state univers press editor japanes american evacu world war ii oral histori project five part evacue administr analyst resist guard townspeopl munich ger k g saur award honor jame v mink oral histori award southwest oral histori associ outstand teacher award colleg human social scienc california state univers fullerton distinguish faculti member colleg human social studi california state univers fullerton,Positive
131,white male born june seattl washington grew bainbridg island washington mani japanes american friend observ mass remov japanes american bainbridg island world war ii serv st aviat engin war station okinawa return bainbridg island washington area world war ii,Neutral
132,nisei male born januari portland oregon parent ran hotel busi world war ii remov portland assembl center oregon minidoka concentr camp idaho left camp earli attend colleg ohio draft militari intellig servic serv japan u occup return portland establish career physician,Positive
133,nisei femal born may seattl washington spent childhood seattl move chicago illinoi three year studi music taught music japan four year return seattl outbreak world war ii remov puyallup assembl center washington minidoka concentr camp idaho left camp husband chicago illinoi madison wisconsin rais famili madison remain activ involv methodist church activ music program,Positive
134,nisei femal born septemb portland oregon grew portland famili ran greenhous busi world war ii remov portland assembl center oregon minidoka concentr camp idaho leav camp eventu return portland,Positive
135,kibei male born june lo angel california grew lo angel move japan attend school return u attend high school japan bomb pearl harbor decemb remov tanforan assembl center california topaz concentr camp utah camp attend art school develop skill artist answer call loyalti questionnair taken leupp citizen isol center arizona transfer tule lake concentr camp california place stockad renounc u citizenship regain war return california leav camp,Neutral
136,white femal born octob grew honolulu hawaii world war ii colleg took job offic indian affair went work poston concentr camp arizona war continu work war reloc author agenc,Neutral
137,nisei femal born octob parkdal oregon grew parkdal parent ran farm world war ii remov pinedal assembl center california tule lake concentr camp california transfer famili minidoka concentr camp idaho left camp attend sew school new york eventu return hood river oregon,Positive
138,nisei male born june bainbridg island washington famili built oper bainbridg garden acr meticul landscap properti nurseri groceri store ga station onset world war ii famili move mose lake avoid incarcer farm live amidst fairli hostil larger commun follow war return bainbridg island find busi properti ruin neglect pilfer parent work rebuild mr harui began floral shop landscap busi eventu mr harui return bainbridg garden help restor thrive nurseri testimoni famili persever,Positive
139,nisei femal born januari bellevu washington rais bellevu farm marri child incarcer pinedal assembl center california tule lake concentr camp california minidoka concentr camp idaho interview discus japanes american commun bellevu world war ii,Neutral
140,nisei femal born may lo angel california grew lo angel parent ran clean busi world war ii remov manzanar concentr camp california famili leav camp return lo angel parent reestablish famili busi studi perform japanes classic danc war,Positive
141,nisei male born septemb watsonvil california grew watsonvil remov salina assembl center california poston concentr camp arizona follow world war ii return famili watsonvil finish school becam teacher u histori watsonvil high school,Positive
142,nisei femal born march rais seattl washington bomb pearl harbor remov puyallup assembl center washington minidoka concentr camp idaho left minidoka attend school st paul minnesota marri live japan sixteen month return unit state rais famili,Positive
143,nisei femal born may winslow washington famili move bank oregon natsuko young world war ii move ontario oregon avoid mass remov continu farm war,Positive
144,nisei male born june mission british columbia canada grew mission move japan mother sister age sixteen attend high school colleg japan enlist japanes navi work japan sever year follow world war ii return canada choos live toronto ontario author japanes commun mission brief histori,Positive
145,sansei femal born august de moin iowa spent earli childhood de moin father work refriger air condit mother work nurs marri move portland oregon rais famili teach danc get involv japanes american commun activ polit caus eventu becam creativ director japanes american museum oregon,Positive
146,nisei femal born decemb gardena california grew gardena parent ran restaur bomb pearl harbor father arrest taken away fbi mass remov famili sent manzanar concentr camp california reunit father follow leav clearanc questionnair famili transfer tule lake concentr camp california repatri japan grace live work japan year half return california finish school becom nurs,Positive
147,nisei male born januari el centro california grew variou place father establish seed busi world war ii remov pomona assembl center california heart mountain concentr camp wyom leav camp serv armi korea establish career foreign servic work countri vietnam nicaragua,Positive
148,nisei femal born may sacramento california grew loomi area california parent ran farm fruit orchard prior world war ii work japanes pavilion san francisco world fair world war ii remov marysvil assembl center california tule lake concentr camp california left camp live spokan mose lake washington war,Neutral
149,sansei femal born septemb honolulu hawaii grew honolulu parent own oper bakeri bomb pearl harbor father pick fbi taken sand island intern camp hawaii famili remov mainland order reunit father taken jerom concentr camp arkansa jerom close transfer heart mountain concentr camp wyom settl st paul minnesota also live chicago illinoi eventu return perman honolulu,Neutral
150,nisei male born april san francisco california grew san jose california father ran farm activ member japanes american citizen leagu help run san jose offic japan bomb pearl harbor world war ii remov santa anita assembl center california heart mountain concentr camp wyom war return san jose,Positive
151,interview camila nakashima bill tashima interview loi hayasaka widow late phil hayasaka seattl jacl chapter presid hayasaka visionari leader fierc advoc jacl advoc peopl civil right struggl chair chapter civil right human right committe program educ member speak hayasaka led chapter rais voic first asian american citi depart chair hayasaka author seattl open hous ordin later would becom model countri,Positive
152,sansei femal born member san jose nihonmachi outreach committe noc nation coalit redress repar ncrr help recruit individu testifi san francisco hear commiss wartim reloc intern citizen cwric organ support redress movement grassroot level,Positive
153,nisei femal born januari lo angel california grew lo angel area parent ran flower busi world war ii remov manzanar concentr camp california camp held variou job includ work camouflag net factori eventu return california,Neutral
154,born parlier fresno counti california matsuko hayashi pseudonym grew second oldest eight child first gener immigr come unit state sixteen year old wife come pictur bride rais grape three farm matsuko father brother bought rememb father affect famili dedic buddhism busi mother rais child hire mexican labor oper busi success win mani blue ribbon product state fair matsuko recal famili enjoy go camp yosemit went japanes school saturday sunday found effect teach japanes american school attend weekday recal teacher prejud japanes went japan felt japanes classmat bias american like nisei school hiroshima spoke english make japanes classmat believ american student bad mouth japanes peer august injur lost conscious bomb surviv help nisei friend knew sew school attend hiroshima lost one sister bomb famili abl identifi white nametag wore lose japanes husband war matsuko came back unit state went draperi school work hollywood dressmak remarri nisei boy tule lake express concern fact matsuko survivor dedic buddhist matsuko spent marri life focus rais famili work nurseri interact u survivor occasion feel attack bomb like hit tsunami shikata ga nai help,Positive
155,sansei male born septemb oakland california grandfath father famili member establish nurseri busi san francisco california prior world war ii war remov famili tanforan assembl center california topaz concentr camp utah war famili return san francisco reestablish nurseri go colleg live lo angel number year norm eventu return famili busi,Positive
156,nisei femal born april portland oregon grew beaverton oregon parent farm sold produc nearbi market world war ii famili move ontario oregon avoid mass remov work white farmer toshiko attend bois state univers idaho move seattl war,Positive
157,nisei femal born januari winslow washington grew japan fletcher bay area bainbridg island washington member first group japanes american forcibl remov home incarcer incarcer manzanar concentr camp california minidoka concentr camp idaho pregnant care two small child subject famou photo mother carri sleep child wear evacu tag,Negative
158,nisei male born may seattl washington grew japanes american farm commun bellevu washington incarcer pinedal assembl center tule lake concentr camp california minidoka concentr camp idaho longtim member support japanes american citizen leagu jacl,Positive
159,nisei femal born june willow california grew sacramento california prior world war ii war remov sacramento assembl center california tule lake concentr camp california left camp attend colleg wisconsin later move chicago illinoi post world war ii activ mani civic organ american council race relat later move seattl washington work camp central area motiv program model citi program public health,Positive
160,white male born juli serv u armi world war ii work japanes american interpret u occup japan husband nisei aiko herzig yoshinaga coupl instrument help obtain redress repar japanes american,Positive
161,nisei femal born august sacramento california grew sacramento lo angel world war ii remov manzanar concentr camp california transfer jerom concentr camp arkansa washington repres research nation council japanes american redress ncjar primari archiv research commiss wartim reloc intern civilian cwric three coram nobi case consult smithsonian institut nation museum american histori exhibit perfect union japanes american unit state constitut consult justic depart offic redress administr,Positive
162,nisei femal born august la jolla california world war ii remov santa anita assembl center california jerom rohwer concentr camp arkansa leav camp move chicago illinoi eventu becam involv chicago nisei athlet associ cnaa,Positive
163,nisei male born april modesto california grew modesto parent ran laundri busi farm world war ii remov merc assembl center california granada amach concentr camp colorado leav camp finish school chicago illinoi serv nation guard remain live chicago,Positive
164,nisei femal born march seattl washington grew seattl ellensburg washington go japan teach prior onset world war ii return seattl remov famili puyallup assembl center washington minidoka concentr camp idaho war resettl chicago illinoi new york return rais famili seattl washington,Positive
165,sansei femal born lo angel california world war ii famili sent santa anita assembl center california amach concentr camp colorado war return lo angel father garden mother work la fashion district garment factori graduat ucla work time teacher l unifi school district return ucla graduat degre becam associ professor histori state univers new york brockport author sever book includ cecil b demil guid refer resourc,Positive
166,nisei femal born januari lo angel counti california young age remov poston concentr camp arizona famili leav camp return famili farm lawndal california father pas away earli leav mother run farm hatsuko mari becam teacher establish educ career torranc california mani year later discov artist talent mani paint famili war year subject,Positive
167,nisei male born april portland oregon grew lake oswego oregon parent ran farm world war ii remov portland assembl center oregon minidoka concentr camp idaho leav camp work time draft armi eventu return portland establish career advertis,Positive
168,nisei femal born august milwauki oregon grew milwauki parent ran farm bomb pearl harbor remov portland assembl center oregon minidoka concentr camp idaho leav camp return oregon,Neutral
169,nisei femal born juli san jose california move famili frequent child return san jose high school famili decid avoid incarcer move utah join automobil caravan sever famili san jose live work utah war primarili farm labor war return san jose m hioki work help establish husband laundri busi,Positive
170,nisei male born septemb thoma washington grew small town thoma famili part white river valley farm corpor world war ii remov pinedal assembl center tule lake concentr camp california leav camp move chicago manag larg estat farm eventu becam establish automot servic industri minneapoli minnesota,Positive
171,nisei male born april seattl washington spent childhood thoma washington parent part christian farm co op attend univers washington activ young men christian associ ymca conscienti objector movement becam quaker outbreak world war ii one hand individu challeng curfew remov order enforc japanes west coast cite christian principl assert duti maintain democrat standard nation live turn fbi found guilti serv time violat curfew order fail report evacu serv time convict gordon serv draft notic refus compli subsequ serv anoth period time draft resist suprem court upheld convict team attorney file petit writ error coram nobi u district court western district washington seattl gordon convict surround incarcer vacat ninth circuit court appeal septemb argu part racial bia cornerston intern order,Positive
172,kibei male born novemb thoma washington went japan age twelv attend school return u high school student enlist armi prior bomb pearl harbor eventu recruit militari intellig servic select one fourteen japanes american fight merril maraud war work japan u occup becam involv war crime trial went work state depart librari congress,Positive
173,nisei sansei femal born seattl washington grew town christoph part auburn washington parent ran groceri store bomb pearl harbor father arrest fbi sent fort missoula intern camp montana rest famili went puyallup assembl center washington volunt help set tule lake concentr camp california transfer heart mountain concentr camp wyom leav camp live short time spokan washington move seattl grew seattl attend cathol school eventu becom teacher cathol school system,Neutral
174,nisei male born octob small town thoma washington famili farm attend school auburn washington remov pinedal assembl center tule lake concentr camp california left camp work idaho subsequ join famili postwar becam social anthropologist later becam second nisei teach san francisco state univers instrument struggl establish field ethnic studi brother gordon hirabayashi defi curfew remov order arrest convict imprison gordon hirabayashi convict vacat,Positive
175,sansei femal born may san rafael california grew san rafael eventu attend california state univers hayward univers california berkeley earn master degre san jose state univers involv civil right asian american issu school along husband roy hirabayashi found san jose taiko,Positive
176,sansei male born januari berkeley california grew oakland got involv music earli age attend cal state hayward san jose state civil right movement got involv civil right asian american issu along wife pj hirabayashi found promin group san jose taiko,Positive
177,nisei femal born denver colorado grew denver father tailor establish newspap rocki nippon world war ii father remov editor newspap arrest fbi intern depart justic camp jame omura took head newspap becam known rocki shimpo m hiraga becam schoolteach denver move husband seattl washington,Positive
178,nisei sansei femal born novemb san francisco california remov tanforan assembl center california topaz concentr camp utah famili resettl salt lake citi utah move san francisco one year back salt lake citi attend univers utah studi nurs speak school group famili experi world war ii,Positive
179,kibei male born februari hilo hawaii age four move japan famili oper farm attend school japan world war ii school hiroshima unit state drop atom bomb surviv bomb along mother brother return hawaii eventu becam involv establish organ atom bomb survivor,Positive
180,nisei male born februari lodi california resettl voluntarili mankato minnesota prior mass remov resettl central california member japanes american citizen leagu jacl sinc becam activ redress movement fundrais lobbyist central california district council jacl,Positive
181,kibei nisei male born novemb spokan washington age ten went japan grandfath world war ii conscript japanes armi still train war end war continu educ graduat kyoto univers law degre got marri return unit state becam involv fight save lo angel littl tokyo encroach citi hall work public relat bank tokyo later becam union bank,Positive
182,nisei femal born novemb wenatche washington grew wenatche move seattl famili incarcer puyallup assembl center washington minidoka concentr camp idaho resettl world war ii pocatello idaho return seattl world war ii,Neutral
183,nisei male born juli alviso california live variou place california child bomb pearl harbor decemb famili move reedley california attempt avoid incarcer remov exclus zone extend reedley sent poston concentr camp arizona left camp war live morton grove illinoi draft militari eventu move chicago illinoi,Positive
184,nisei femal born juli seattl washington father ran promin hotel frequent patron visit japanes dignitari father pick fbi decemb war remov famili puyallup assembl center washington minidoka concentr camp idaho leav camp move denver colorado eventu settl chicago illinoi,Neutral
185,nisei male born courtland california grew clarksburg area parent ran farm world war ii remov turlock assembl center california gila river concentr camp arizona serv militari intellig servic japan eventu return clarksburg reestablish farm,Positive
186,nisei femal born januari sacramento california grew small commun clarksburg courtland war world war ii remov tule lake concentr camp california leav camp return sacramento area,Neutral
187,sansei male world war ii attend japanes languag school clarksburg holland gakuen,Neutral
188,nisei femal born januari florin california grew florin parent oper farm world war ii remov manzanar concentr camp california return florin war,Neutral
189,nisei male born june oakland california grew oakland berkeley california bomb pearl harbor remov famili tanforan assembl center california topaz concentr camp utah sign call loyalti questionnair mother wish famili move japan due father health famili go japan mr hiros one nisei sent santa fe depart justic intern camp new mexico releas santa fe draft serv u armi germani move japan taught u armi school marri rais son japan live thirti seven year return live berkeley california,Positive
190,nisei male februari bellevu washington world war ii incarcer pinedal assembl center california tule lake concentr camp california prior war famili part japanes american eastsid commun clear farm larg portion bellevu kirkland redmond area,Neutral
191,nisei femal born hood river oregon grew hood river parent own oper orchard world war ii remov pinedal assembl center tule lake concentr camp california transfer briefli heart mountain concentr camp wyom live short time salt lake citi leav camp return hood river,Positive
192,nisei male born march san francisco california grew lo angel california world war ii remov manzanar concentr camp california one major player movement japanes american redress repar mr hohri found nation council japanes american redress ncjar,Positive
193,nisei femal born may long beach california world war ii remov santa anita assembl center california jerom concentr camp arkansa leav camp move famili de moin iowa chicago illinoi along husband william hohri instrument redress movement includ establish nation council japanes american redress,Positive
194,issei femal born june tono citi iwat ken japan immigr unit state incarcer santa anita assembl center california amach concentr camp colorado father establish minist first western style christian church tono citi husband assign santa anita assembl center offici head dentist pas away amach concentr camp,Negative
195,sansei male born juli tule lake concentr camp california parent hawaii father pick fbi follow bomb pearl harbor mother went rejoin mainland leav camp live briefli new york citi return hawaii parent separ birth father hiroshi honda artist edward discov origin paint mani year later,Positive
196,nisei femal born septemb santa clara california grew santa clara redwood citi california world war ii war remov famili tanforan assembl center california topaz concentr camp utah leav camp resettl time new york return redwood citi,Positive
197,nisei femal born june hilo hawaii japan bomb pearl harbor decemb father pick fbi detain sand island intern camp hawaii rest famili remov jerom concentr camp arkansa reunit jerom close transfer gila river concentr camp arizona return hawaii leav camp father tri establish applianc repair busi hilo destroy tsunami marri move california activ japanes american nation museum lo angel,Positive
198,nisei male born januari seattl washington grew seattl parent own hotel intern district interview discus japanes american hotel ownership earli mid role hotel associ japanes american commun,Neutral
199,nisei male born san francisco california bomb pearl harbor move famili stay rel watsonvil california world war ii remov salina assembl center california poston concentr camp arizona left camp earli attend school philadelphia pennsylvania draft militari serv militari intellig servic tokyo,Positive
200,nisei male born decemb salem oregon famili move frequent war due father profess methodist minist world war ii remov portland assembl center oregon heart mountain concentr camp wyom leav camp famili move boston massachusett father could attend graduat seminari school eventu move oakland california mr horikoshi attend colleg becam pharmacist marri rais famili california bay area,Positive
